noise_std,seed,train_episodes,eval_episodes,train_success_rate,train_average_steps,train_average_total_reward,train_average_final_distance,eval_success_rate,eval_average_steps,eval_average_steps_on_success,eval_average_total_reward,eval_average_final_distance,eval_failure_count
0.0,42,1000,100,0.89,33.153,8.346700000000002,0.9258281395084705,1.0,19.0,19.0,11.1,0.0,0
0.0,123,1000,100,0.964,27.266,10.1574,0.21104699503970753,1.0,19.0,19.0,11.1,0.0,0
0.0,2026,1000,100,0.969,27.324,9.9716,0.22772690056128436,1.0,19.0,19.0,11.1,0.0,0
0.0,7777,1000,100,0.963,27.098,9.9322,0.21185383270627664,1.0,18.0,18.0,11.2,0.0,0
0.0,10000,1000,100,0.967,27.396,10.004400000000002,0.18726469846595326,1.0,18.0,18.0,12.2,0.0,0
5.0,42,1000,100,0.964,28.853,9.0037,0.2005354339339601,1.0,20.65,20.65,10.004999999999999,0.0,0
5.0,123,1000,100,0.963,29.716,8.8294,0.1846252023297393,1.0,19.15,19.15,10.395,0.0,0
5.0,2026,1000,100,0.964,29.881,8.8079,0.2228873138826112,1.0,20.18,20.18,10.081999999999999,0.0,0
5.0,7777,1000,100,0.959,30.524,8.8976,0.2901530664743878,1.0,20.85,20.85,10.655,0.0,0
5.0,10000,1000,100,0.956,30.386,8.7644,0.25795786418984007,1.0,33.12,33.12,9.368,0.0,0
10.0,42,1000,100,0.953,30.737,7.5313,0.299957466349888,1.0,23.01,23.01,8.709,0.0,0
10.0,123,1000,100,0.959,30.567,7.6263000000000005,0.19133636625254188,1.0,20.56,20.56,9.234,0.0,0
10.0,2026,1000,100,0.943,32.027,7.2693,0.3543651507257195,1.0,22.04,22.04,9.065999999999999,0.0,0
10.0,7777,1000,100,0.935,32.135,7.4115,0.47080800735696504,1.0,19.31,19.31,9.619,0.0,0
10.0,10000,1000,100,0.932,32.44,7.206000000000001,0.460144514228835,1.0,20.53,20.53,9.157,0.0,0
